nom_fichier;num_poste;nom_usuel
SH_MTX101089001.csv;1089001;AMBERIEU
SH_MTX102320001.csv;2320001;ST QUENTIN
SH_MTX103059001.csv;3059001;CHAREIL-CINTRAT_SAPC
SH_MTX303060001.csv;3060001;VICHY-CHARMEIL
SH_MTX003180001.csv;3180001;MONTBEUGNY
SH_MTX203204001.csv;3204001;PARAY-SOUS-BRIAILLES
SH_MTX004019001.csv;4019001;BARCELONNETTE
SH_MTX104049001.csv;4049001;ST AUBAN
SH_MTX105046001.csv;5046001;EMBRUN
SH_MTX105064001.csv;5064001;CHAPELLE-EN-VALGAUDEMAR
SH_MTX105079001.csv;5079001;LE MONETIER LES BAINS
SH_MTX105098001.csv;5098001;LES ORRES
SH_MTX105142001.csv;5142001;ST FIRMIN
SH_MTX105157001.csv;5157001;ST VERAN
SH_MTX105183001.csv;5183001;VILLAR ST PANCRACE
SH_MTX106004009.csv;6004009;ANTIBES_SAPC
SH_MTX106029001.csv;6029001;CANNES
SH_MTX106088001.csv;6088001;NICE
SH_MTX106152002.csv;6152002;VALBONNE-SOPHIA
SH_MTX107019005.csv;7019005;AUBENAS SA
SH_MTX107064001.csv;7064001;CHEYLARD SA
SH_MTX107105001.csv;7105001;ISSANLAS
SH_MTX107128001.csv;7128001;LALOUVESC
SH_MTX107144001.csv;7144001;LOUBARESSE
SH_MTX107159001.csv;7159001;MIRABEL SA
SH_MTX107261001.csv;7261001;ST-LAURENT PAPE
SH_MTX107338001.csv;7338001;VERNOUX
SH_MTX008145001.csv;8145001;DOUZY
SH_MTX108239001.csv;8239001;JUNIVILLE
SH_MTX108255001.csv;8255001;LINAY
SH_MTX109023002.csv;9023002;ASCOU LAVAIL
SH_MTX109289001.csv;9289001;ST GIRONS
SH_MTX110057001.csv;10057001;BOUY-SUR-ORVIN
SH_MTX111012001.csv;11012001;ARGELIERS
SH_MTX211069001.csv;11069001;CARCASSONNE
SH_MTX211076001.csv;11076001;CASTELNAUDARY
SH_MTX012154003.csv;12154003;MONTLAUR
SH_MTX112253001.csv;12253001;SALLES CURAN
SH_MTX213001009.csv;13001009;AIX EN PROVENCE
SH_MTX213047001.csv;13047001;ISTRES
SH_MTX213054001.csv;13054001;MARIGNANE
SH_MTX113099001.csv;13099001;CADARACHE-LA VERRERIE-CEA
SH_MTX113103001.csv;13103001;SALON DE PROVENCE
SH_MTX314137001.csv;14137001;CAEN-CARPIQUET
SH_MTX214578001.csv;14578001;ST GATIEN DES B
SH_MTX015050001.csv;15050001;LE CLAUX
SH_MTX216089001.csv;16089001;COGNAC
SH_MTX216113001.csv;16113001;LA COURONNE
SH_MTX016279001.csv;16279001;RIOUX MARTIN
SH_MTX017300009.csv;17300009;LA ROCHELLE-ILE DE RE
SH_MTX317323001.csv;17323001;CHASSIRON
SH_MTX017339002.csv;17339002;ST GERMAIN DE LUSIGNAN
SH_MTX117415003.csv;17415003;SAINTES
SH_MTX418033001.csv;18033001;BOURGES
SH_MTX218092001.csv;18092001;AVORD
SH_MTX218223003.csv;18223003;ST-MARTIN-D'A.
SH_MTX119034001.csv;19034001;CAMPS
SH_MTX119272001.csv;19272001;TULLE
SH_MTX119275001.csv;19275001;USSEL-LAMARTINE
SH_MTX120004002.csv;20004002;AJACCIO
SH_MTX120004003.csv;20004003;AJACCIO-PARATA
SH_MTX120041001.csv;20041001;CAP PERTUSATO
SH_MTX120050001.csv;20050001;CALVI
SH_MTX120148001.csv;20148001;BASTIA
SH_MTX321154001.csv;21154001;CHATILLON/SEINE
SH_MTX321473001.csv;21473001;DIJON-LONGVIC
SH_MTX122016001.csv;22016001;ILE-DE-BREHAT
SH_MTX022147006.csv;22147006;MERDRIGNAC
SH_MTX122168001.csv;22168001;PLOUMANAC'H
SH_MTX022266001.csv;22266001;ROSTRENEN
SH_MTX122282001.csv;22282001;SAINT-CAST-LE-G
SH_MTX022372001.csv;22372001;ST BRIEUC
SH_MTX123067001.csv;23067001;LA COURTINE
SH_MTX024037005.csv;24037005;BERGERAC
SH_MTX225021001.csv;25021001;ARC-ET-SENANS
SH_MTX325056001.csv;25056001;BESANCON
SH_MTX025127001.csv;25127001;CHARQUEMONT
SH_MTX025170001.csv;25170001;AERO-MTBL
SH_MTX025219002.csv;25219002;EPENOY
SH_MTX025512001.csv;25512001;LE RUSSEY
SH_MTX026116002.csv;26116002;DONZERE
SH_MTX126168001.csv;26168001;LUS L CROIX HTE
SH_MTX226198001.csv;26198001;MONTELIMAR
SH_MTX026295001.csv;26295001;ST-BARTHELEMY-V_SAPC
SH_MTX126307001.csv;26307001;ST-JEAN-EN-ROYA
SH_MTX126330001.csv;26330001;ST-SORLIN-EN-VA
SH_MTX127112001.csv;27112001;BRETEUIL
SH_MTX227306001.csv;27306001;GUICHAINVILLE
SH_MTX328070001.csv;28070001;CHARTRES
SH_MTX228195001.csv;28195001;HOUX
SH_MTX228198001.csv;28198001;CHATEAUDUN
SH_MTX228322001.csv;28322001;RUEIL
SH_MTX228363001.csv;28363001;SAINVILLE
SH_MTX029022001.csv;29022001;CAMARET
SH_MTX129075001.csv;29075001;BREST-GUIPAVAS
SH_MTX229082001.csv;29082001;BATZ
SH_MTX129120001.csv;29120001;LANVEOC
SH_MTX129155005.csv;29155005;OUESSANT-STIFF
SH_MTX029168001.csv;29168001;PTE DU RAZ
SH_MTX030076001.csv;30076001;CAVILLARGUES
SH_MTX230189001.csv;30189001;NIMES-COURBESSAC
SH_MTX130243001.csv;30243001;ST CHRISTOL-LES-ALES
SH_MTX030269006.csv;30269006;ST JEAN DU GARD
SH_MTX130305001.csv;30305001;SALINDRES
SH_MTX130339001.csv;30339001;MONT AIGOUAL
SH_MTX131042012.csv;31042012;LUCHON
SH_MTX331069001.csv;31069001;TOULOUSE-BLAGNAC
SH_MTX231157001.csv;31157001;TOULOUSE-FRANCAZAL
SH_MTX231403002.csv;31403002;ONDES
SH_MTX332013005.csv;32013005;AUCH
SH_MTX133063001.csv;33063001;BORDEAUX-PAULIN
SH_MTX133236002.csv;33236002;CAP-FERRET
SH_MTX133281001.csv;33281001;BORDEAUX-MERIGNAC
SH_MTX133529001.csv;33529001;CAZAUX
SH_MTX133550001.csv;33550001;VILLENAVE D'ORNON-INRA
SH_MTX234154001.csv;34154001;MONTPELLIER-AEROPORT
SH_MTX234301002.csv;34301002;SETE
SH_MTX035110003.csv;35110003;FEINS  SA
SH_MTX135228001.csv;35228001;DINARD
SH_MTX235281001.csv;35281001;RENNES-ST JACQUES
SH_MTX336063001.csv;36063001;CHATEAUROUX  DEOLS
SH_MTX136208001.csv;36208001;STE-SEVERE
SH_MTX037003001.csv;37003001;AMBOISE
SH_MTX237179001.csv;37179001;TOURS
SH_MTX138040001.csv;38040001;BESSE
SH_MTX138242001.csv;38242001;MONESTIER
SH_MTX138299001.csv;38299001;PELLAFOL-CHANEAUX
SH_MTX038366001.csv;38366001;ST-BAUDILLE
SH_MTX138442001.csv;38442001;GRANDE-CHARTREUSE
SH_MTX138538002.csv;38538002;GRENOBLE - LVD
SH_MTX138548001.csv;38548001;VILLARD-DE-LANS
SH_MTX239159002.csv;39159002;COLONNE
SH_MTX240088001.csv;40088001;DAX
SH_MTX240192001.csv;40192001;MONT-DE-MARSAN
SH_MTX140272002.csv;40272002;ST M HINX STNA-INRA
SH_MTX240304001.csv;40304001;SOORTS-HOSSEGOR
SH_MTX241097001.csv;41097001;ROMORANTIN
SH_MTX242005001.csv;42005001;ST ETIENNE-BOUTHEON
SH_MTX042059001.csv;42059001;CHAZELLES-LYON
SH_MTX042152001.csv;42152001;NANDAX
SH_MTX042299001.csv;42299001;SAVIGNEUX
SH_MTX243046001.csv;43046001;LE PUY-CHADRAC
SH_MTX244020001.csv;44020001;NANTES-BOUGUENAIS
SH_MTX044103001.csv;44103001;ST NAZAIRE-MONTOIR
SH_MTX044110002.csv;44110002;NORT-SUR-ERDRE
SH_MTX345055001.csv;45055001;ORLEANS
SH_MTX245069001.csv;45069001;CHAMBON-LA-F.
SH_MTX145270002.csv;45270002;ST-BENOIT/LOIRE
SH_MTX145340002.csv;45340002;VILLEMURLIN
SH_MTX246127001.csv;46127001;GOURDON
SH_MTX247091001.csv;47091001;AGEN-LA GARENNE
SH_MTX149020001.csv;49020001;BEAUCOUZE
SH_MTX249027001.csv;49027001;BEGROLLES
SH_MTX149281001.csv;49281001;ST GEORGES GARD
SH_MTX249328001.csv;49328001;SAUMUR
SH_MTX250020001.csv;50020001;PTE DE LA HAGUE
SH_MTX050277001.csv;50277001;LONGUEVILLE
SH_MTX051545001.csv;51545001;SOMMESOUS
SH_MTX252145001.csv;52145001;COUBLANC
SH_MTX252197003.csv;52197003;FAYL-BILLOT_SAPC
SH_MTX352269001.csv;52269001;LANGRES
SH_MTX152448001.csv;52448001;ST-DIZIER
SH_MTX052469001.csv;52469001;CHAUMONT-SEMOUTIERS
SH_MTX153097001.csv;53097001;EVRON
SH_MTX053147001.csv;53147001;MAYENNE
SH_MTX153185001.csv;53185001;PRE-EN-PAIL_SAPC
SH_MTX154040001.csv;54040001;BADONVILLER
SH_MTX154405001.csv;54405001;NANCY-OCHEY
SH_MTX254526001.csv;54526001;NANCY-ESSEY
SH_MTX255179001.csv;55179001;ERNEVILLE AUX BOIS_SAPC
SH_MTX156009001.csv;56009001;BELLE ILE-LE TALUT
SH_MTX256069001.csv;56069001;ILE DE GROIX
SH_MTX056165003.csv;56165003;PLOERMEL
SH_MTX156185001.csv;56185001;LORIENT-LANN BIHOUE
SH_MTX257039001.csv;57039001;METZ-FRESCATY
SH_MTX357168001.csv;57168001;PHALSBOURG_SAPC
SH_MTX258062001.csv;58062001;CHATEAU CHINON
SH_MTX258160001.csv;58160001;NEVERS-MARZY
SH_MTX459183001.csv;59183001;DUNKERQUE
SH_MTX459343001.csv;59343001;LILLE-LESQUIN
SH_MTX060107001.csv;60107001;BREUIL-LE-VERT
SH_MTX060382001.csv;60382001;MARGNY-LES-COMPIEGNE
SH_MTX260639001.csv;60639001;BEAUVAIS-TILLE
SH_MTX161001001.csv;61001001;ALENCON
SH_MTX462160001.csv;62160001;BOULOGNE-SEM
SH_MTX262298001.csv;62298001;CAMBRAI-EPINOY
SH_MTX262826001.csv;62826001;LE-TOUQUET
SH_MTX163003004.csv;63003004;AMBERT
SH_MTX263113001.csv;63113001;CLERMONT-FD
SH_MTX063223001.csv;63223001;MENAT
SH_MTX163426001.csv;63426001;TAUVES
SH_MTX264024001.csv;64024001;BIARRITZ-PAYS-BASQUE
SH_MTX164189001.csv;64189001;SOCOA
SH_MTX064320003.csv;64320003;LARUNS-HOURAT
SH_MTX264549001.csv;64549001;PAU-UZEIN
SH_MTX165344001.csv;65344001;TARBES-LOURDES-PYRENEES
SH_MTX266136001.csv;66136001;PERPIGNAN
SH_MTX166148001.csv;66148001;CAP BEAR
SH_MTX367124001.csv;67124001;STRASBOURG-ENTZHEIM
SH_MTX367482001.csv;67482001;STRASBOURG - BOTANIQUE
SH_MTX167498001.csv;67498001;UHRWILLER_SAPC
SH_MTX268066001.csv;68066001;COLMAR-INRA
SH_MTX268205001.csv;68205001;COLMAR-MEYENHEIM
SH_MTX268224006.csv;68224006;MULHOUSE
SH_MTX268297001.csv;68297001;BALE-MULHOUSE
SH_MTX269029001.csv;69029001;LYON-BRON
SH_MTX269141001.csv;69141001;MORNANT
SH_MTX169196001.csv;69196001;ST-DIDIER-BEAUJ
SH_MTX269204002.csv;69204002;ST-GENIS-LAVAL
SH_MTX169264001.csv;69264001;VILLEFRANCHE
SH_MTX270006001.csv;70006001;AILLEVILLERS
SH_MTX170104001.csv;70104001;BUCEY-LES-GY
SH_MTX270165001.csv;70165001;COMBEAUFONTAINE
SH_MTX270473001.csv;70473001;LUXEUIL
SH_MTX171105001.csv;71105001;MACON
SH_MTX171320001.csv;71320001;MT-ST-VINCENT
SH_MTX171491001.csv;71491001;ST YAN
SH_MTX172093001.csv;72093001;CORMES
SH_MTX272181001.csv;72181001;LE MANS
SH_MTX072357001.csv;72357001;THOREE LES PINS
SH_MTX173026001.csv;73026001;AVRIEUX
SH_MTX173034002.csv;73034002;BEAUFORT-SUR-DORON
SH_MTX173054001.csv;73054001;BOURG ST MAURICE
SH_MTX173064001.csv;73064001;CHALLES LES EAUX
SH_MTX073146001.csv;73146001;LESCHERAINES
SH_MTX173197001.csv;73197001;PEISEY NANCROIX
SH_MTX173290002.csv;73290002;TERMIGNON-CLIM
SH_MTX173306005.csv;73306005;VALLOIRE FOREST
SH_MTX074024001.csv;74024001;AYZE
SH_MTX074087001.csv;74087001;CONTAMINE-SUR- ARVE
SH_MTX174093001.csv;74093001;CRAN-GEVRIER
SH_MTX174280001.csv;74280001;THONES
SH_MTX074281001.csv;74281001;THONON-INRA
SH_MTX475114001.csv;75114001;PARIS-MONTSOURIS
SH_MTX176116001.csv;76116001;ROUEN-BOOS
SH_MTX276217001.csv;76217001;DIEPPE
SH_MTX276259001.csv;76259001;FECAMP
SH_MTX376552001.csv;76552001;CAP-DE-LA-HEVE
SH_MTX277186002.csv;77186002;FONTAINEBLEAU_SAPC
SH_MTX077211001.csv;77211001;NANGIS
SH_MTX277306001.csv;77306001;MELUN
SH_MTX177333003.csv;77333003;NEMOURS
SH_MTX378621001.csv;78621001;TRAPPES
SH_MTX378640001.csv;78640001;VILLACOUBLAY
SH_MTX179176001.csv;79176001;MENIGOUTE_SAPC
SH_MTX279191005.csv;79191005;NIORT
SH_MTX079220002.csv;79220002;PRIN-DEYRANCON_SAPC
SH_MTX380001001.csv;80001001;ABBEVILLE
SH_MTX280379002.csv;80379002;AMIENS-GLISY
SH_MTX181081002.csv;81081002;DOURGNE
SH_MTX081124001.csv;81124001;LACAUNE
SH_MTX282121002.csv;82121002;MONTAUBAN
SH_MTX082180001.csv;82180001;SERIGNAC
SH_MTX183031001.csv;83031001;LE LUC
SH_MTX083050007.csv;83050007;DRAGUIGNAN_SAPC
SH_MTX183061001.csv;83061001;FREJUS
SH_MTX183069001.csv;83069001;HYERES
SH_MTX083145001.csv;83145001;VARAGES
SH_MTX184003002.csv;84003002;APT-VITON
SH_MTX184007002.csv;84007002;AVIGNON-INRA
SH_MTX084007005.csv;84007005;AVIGNON
SH_MTX084025001.csv;84025001;CABRIERES D'AVIGNON
SH_MTX284087001.csv;84087001;ORANGE
SH_MTX285051001.csv;85051001;CHANTONNAY
SH_MTX185113001.csv;85113001;L ILE D YEU
SH_MTX285216001.csv;85216001;SAINTE GEMME LA PLAINE_SAPC
SH_MTX386027001.csv;86027001;POITIERS-BIARD
SH_MTX186289001.csv;86289001;LE-VIGEANT
SH_MTX087103002.csv;87103002;NANTIAT
SH_MTX187106001.csv;87106001;NEXON
SH_MTX187113001.csv;87113001;LE PALAIS SUR VIENNE
SH_MTX188136001.csv;88136001;EPINAL
SH_MTX189295001.csv;89295001;AUXERRE-PERRIGNY
SH_MTX189333001.csv;89333001;ST ANDRE
SH_MTX289387002.csv;89387002;SENS
SH_MTX190035001.csv;90035001;DORANS
SH_MTX291027002.csv;91027002;ORLY
SH_MTX291103001.csv;91103001;BRETIGNY_SAPC
SH_MTX091184001.csv;91184001;COURDIMANCHE
SH_MTX394068001.csv;94068001;ST-MAUR
SH_MTX295078001.csv;95078001;PONTOISE - AERO
SH_MTX395088001.csv;95088001;LE BOURGET
